,role,company,location,time,link,scraped
0,Data Scientist,Optimum Data Analytics,"Pune, Maharashtra, India",24 minutes ago,https://in.linkedin.com/jobs/view/data-scientist-at-optimum-data-analytics-3248368003?refId=rHQrdKNz66v2L8TQH6H7Yg%3D%3D&trackingId=Z6L6JPltTPzqxFdx4Faimg%3D%3D&position=1&pageNum=0&trk=public_jobs_jserp-result_search-card,06-09-2022_10:39:00
1,Data Analyst,PediaGeek,India,21 minutes ago,https://in.linkedin.com/jobs/view/data-analyst-at-pediageek-3253728108?refId=rHQrdKNz66v2L8TQH6H7Yg%3D%3D&trackingId=dPamjcQUkPkFzxR0vNn3cQ%3D%3D&position=2&pageNum=0&trk=public_jobs_jserp-result_search-card,06-09-2022_10:39:00
2,Data Scientist,Yallas Technology Solutions,"Bengaluru, Karnataka, India",7 minutes ago,https://in.linkedin.com/jobs/view/data-scientist-at-yallas-technology-solutions-3253728420?refId=rHQrdKNz66v2L8TQH6H7Yg%3D%3D&trackingId=0xT2ARMsg%2BGwEoeEhx3oZQ%3D%3D&position=3&pageNum=0&trk=public_jobs_jserp-result_search-card,06-09-2022_10:39:00
3,Data Scientist,AFIV DATA OUTSOURCING,"Surat, Gujarat, India",36 minutes ago,https://in.linkedin.com/jobs/view/data-scientist-at-afiv-data-outsourcing-3253719928?refId=rHQrdKNz66v2L8TQH6H7Yg%3D%3D&trackingId=BV%2FLlU526yVwpxkq53YxWg%3D%3D&position=4&pageNum=0&trk=public_jobs_jserp-result_search-card,06-09-2022_10:39:00
4,Data Scientist IV,Zyoin,"Bengaluru, Karnataka, India",39 minutes ago,https://in.linkedin.com/jobs/view/data-scientist-iv-at-zyoin-3248367034?refId=rHQrdKNz66v2L8TQH6H7Yg%3D%3D&trackingId=1ogX5EsMpl6CRRmYEvMHXQ%3D%3D&position=5&pageNum=0&trk=public_jobs_jserp-result_search-card,06-09-2022_10:39:00
5,Data Scientist (Junior/Midlevel) - Remote,Reverate Tech,India,2 hours ago,https://in.linkedin.com/jobs/view/data-scientist-junior-midlevel-remote-at-reverate-tech-3254860226?refId=rHQrdKNz66v2L8TQH6H7Yg%3D%3D&trackingId=beJo4sZ%2FhI9KhjneWZmhAQ%3D%3D&position=6&pageNum=0&trk=public_jobs_jserp-result_search-card,06-09-2022_10:39:00
6,Data Scientist,Sutherland,India,18 hours ago,https://in.linkedin.com/jobs/view/data-scientist-at-sutherland-3252962693?refId=rHQrdKNz66v2L8TQH6H7Yg%3D%3D&trackingId=wG15583HuTYcpC4%2FOj%2BGOw%3D%3D&position=7&pageNum=0&trk=public_jobs_jserp-result_search-card,06-09-2022_10:39:00
7,Data Analyst,Techno Sportswear Pvt Ltd,"Tiruppur, Tamil Nadu, India",11 minutes ago,https://in.linkedin.com/jobs/view/data-analyst-at-techno-sportswear-pvt-ltd-3248368503?refId=rHQrdKNz66v2L8TQH6H7Yg%3D%3D&trackingId=BdwfTeFnuoztdypX5AL4YQ%3D%3D&position=8&pageNum=0&trk=public_jobs_jserp-result_search-card,06-09-2022_10:39:00
8,Internship Program,TCR Innovation,India,1 hour ago,https://in.linkedin.com/jobs/view/internship-program-at-tcr-innovation-3253712367?refId=rHQrdKNz66v2L8TQH6H7Yg%3D%3D&trackingId=6wZtNE5gKhwHlaczSZKeUg%3D%3D&position=9&pageNum=0&trk=public_jobs_jserp-result_search-card,06-09-2022_10:39:00
9,Business Development Executive,iSkillBox,India,18 minutes ago,https://in.linkedin.com/jobs/view/business-development-executive-at-iskillbox-3253725463?refId=rHQrdKNz66v2L8TQH6H7Yg%3D%3D&trackingId=wl4YVhGGQaPjjI5HqVdwBg%3D%3D&position=10&pageNum=0&trk=public_jobs_jserp-result_search-card,06-09-2022_10:39:00
10,Data Analyst - Internship,Navi,"Bangalore Urban, Karnataka, India",15 hours ago,https://in.linkedin.com/jobs/view/data-analyst-internship-at-navi-3247859705?refId=rHQrdKNz66v2L8TQH6H7Yg%3D%3D&trackingId=12OkyRp%2FOsQAww21AVsNLg%3D%3D&position=11&pageNum=0&trk=public_jobs_jserp-result_search-card,06-09-2022_10:39:00
11,Python Developer,Mobile Programming LLC,"Bengaluru, Karnataka, India",1 hour ago,https://in.linkedin.com/jobs/view/python-developer-at-mobile-programming-llc-3248357593?refId=rHQrdKNz66v2L8TQH6H7Yg%3D%3D&trackingId=JldgEZAZ7ABelj3hUarEAQ%3D%3D&position=12&pageNum=0&trk=public_jobs_jserp-result_search-card,06-09-2022_10:39:00
12,Machine Learning Engineer,Mesh,India,9 hours ago,https://in.linkedin.com/jobs/view/machine-learning-engineer-at-mesh-3248323233?refId=rHQrdKNz66v2L8TQH6H7Yg%3D%3D&trackingId=GRcvH1bLplLr7aUDChXaOw%3D%3D&position=13&pageNum=0&trk=public_jobs_jserp-result_search-card,06-09-2022_10:39:00
13,Data Engineer,Winning Edge,"Bengaluru, Karnataka, India",49 minutes ago,https://in.linkedin.com/jobs/view/data-engineer-at-winning-edge-3255757139?refId=rHQrdKNz66v2L8TQH6H7Yg%3D%3D&trackingId=G9uxSMtCsHS0AIJqlNGe8A%3D%3D&position=14&pageNum=0&trk=public_jobs_jserp-result_search-card,06-09-2022_10:39:00
14,Customer Success Executive,ARKGENIQ,"Chennai, Tamil Nadu, India",21 minutes ago,https://in.linkedin.com/jobs/view/customer-success-executive-at-arkgeniq-3248368102?refId=rHQrdKNz66v2L8TQH6H7Yg%3D%3D&trackingId=MrckHROdAVsZDRmjH3kWYg%3D%3D&position=15&pageNum=0&trk=public_jobs_jserp-result_search-card,06-09-2022_10:39:00
15,Data Analyst,Product Academy,"Bengaluru, Karnataka, India",21 hours ago,https://in.linkedin.com/jobs/view/data-analyst-at-product-academy-3252904088?refId=rHQrdKNz66v2L8TQH6H7Yg%3D%3D&trackingId=1dudJ7iatCmu8TSckEqNCA%3D%3D&position=16&pageNum=0&trk=public_jobs_jserp-result_search-card,06-09-2022_10:39:00
16,Content Writing Intern,The Tarzan Way,"Delhi, India",2 minutes ago,https://in.linkedin.com/jobs/view/content-writing-intern-at-the-tarzan-way-3255762575?refId=rHQrdKNz66v2L8TQH6H7Yg%3D%3D&trackingId=3yGRrOJ%2B%2BFn7%2FcLYtnleYg%3D%3D&position=17&pageNum=0&trk=public_jobs_jserp-result_search-card,06-09-2022_10:39:00
17,Digital Marketing Intern,LoginRadius,"Jaipur, Rajasthan, India",22 hours ago,https://in.linkedin.com/jobs/view/digital-marketing-intern-at-loginradius-3247809834?refId=rHQrdKNz66v2L8TQH6H7Yg%3D%3D&trackingId=%2B%2B3ClojCglhSQCGPDdagZQ%3D%3D&position=18&pageNum=0&trk=public_jobs_jserp-result_search-card,06-09-2022_10:39:00
18,Machine Learning & Chatbot Platform Engineer,bitWise Academy,India,24 minutes ago,https://in.linkedin.com/jobs/view/machine-learning-chatbot-platform-engineer-at-bitwise-academy-3248364377?refId=rHQrdKNz66v2L8TQH6H7Yg%3D%3D&trackingId=Iu%2FoDcgHlCQiHr4zBMcv4Q%3D%3D&position=19&pageNum=0&trk=public_jobs_jserp-result_search-card,06-09-2022_10:39:00
19,Data Engineer,MenteeChain,"Bengaluru, Karnataka, India",1 hour ago,https://in.linkedin.com/jobs/view/data-engineer-at-menteechain-3253713777?refId=rHQrdKNz66v2L8TQH6H7Yg%3D%3D&trackingId=RJH1aap3lf%2Fq0qsYNdgnzg%3D%3D&position=20&pageNum=0&trk=public_jobs_jserp-result_search-card,06-09-2022_10:39:00
20,Data science internship and training program,Corizo,India,9 hours ago,https://in.linkedin.com/jobs/view/data-science-internship-and-training-program-at-corizo-3253417446?refId=rHQrdKNz66v2L8TQH6H7Yg%3D%3D&trackingId=6sb%2B6d75N9VvaysXKg6b%2Fw%3D%3D&position=21&pageNum=0&trk=public_jobs_jserp-result_search-card,06-09-2022_10:39:00
21,Python Developer,QuestWorkx,"Bengaluru, Karnataka, India",2 minutes ago,https://in.linkedin.com/jobs/view/python-developer-at-questworkx-3255762466?refId=rHQrdKNz66v2L8TQH6H7Yg%3D%3D&trackingId=hghU3rKG6YsKSyHw9oIQuw%3D%3D&position=22&pageNum=0&trk=public_jobs_jserp-result_search-card,06-09-2022_10:39:00
22,Data Science Intern,Corizo,India,19 hours ago,https://in.linkedin.com/jobs/view/data-science-intern-at-corizo-3252952959?refId=rHQrdKNz66v2L8TQH6H7Yg%3D%3D&trackingId=%2BzB%2F0GHSCTrr9IWJplqX9A%3D%3D&position=23&pageNum=0&trk=public_jobs_jserp-result_search-card,06-09-2022_10:39:00
23,Machine Learning Engineer,Design Shack (from The Prints Co.),India,19 hours ago,https://in.linkedin.com/jobs/view/machine-learning-engineer-at-design-shack-from-the-prints-co-3252949584?refId=rHQrdKNz66v2L8TQH6H7Yg%3D%3D&trackingId=XRM8mtJ7jf2C68wGHpeqxg%3D%3D&position=24&pageNum=0&trk=public_jobs_jserp-result_search-card,06-09-2022_10:39:00
24,Data Science Training and Internship,Corizo,India,50 minutes ago,https://in.linkedin.com/jobs/view/data-science-training-and-internship-at-corizo-3253724045?refId=rHQrdKNz66v2L8TQH6H7Yg%3D%3D&trackingId=LKcI5bZ47RP%2B560Qw%2FTQSw%3D%3D&position=25&pageNum=0&trk=public_jobs_jserp-result_search-card,06-09-2022_10:39:00
25,Data Analyst,"Entytle, Inc.","Pune, Maharashtra, India",15 hours ago,https://in.linkedin.com/jobs/view/data-analyst-at-entytle-inc-3255263491?refId=ZkaQ0dkTlcNllzkyZ4%2FqVA%3D%3D&trackingId=uLFOcIYAXXL%2BnSJj8EqVrQ%3D%3D&position=19&pageNum=0&trk=public_jobs_jserp-result_search-card,06-09-2022_10:39:00
26,Lead Data Scientist,geniSIGHTS Pvt Ltd,"Chennai, Tamil Nadu, India",13 hours ago,https://in.linkedin.com/jobs/view/lead-data-scientist-at-genisights-pvt-ltd-3022175885?refId=ZkaQ0dkTlcNllzkyZ4%2FqVA%3D%3D&trackingId=6FHlRCoMSes13mxHcmasVg%3D%3D&position=20&pageNum=0&trk=public_jobs_jserp-result_search-card,06-09-2022_10:39:00
27,Data Engineer,JobMate,"Bengaluru, Karnataka, India",14 minutes ago,https://in.linkedin.com/jobs/view/data-engineer-at-jobmate-3248362833?refId=ZkaQ0dkTlcNllzkyZ4%2FqVA%3D%3D&trackingId=QZ3Xy3dnUFwqjJeR9gf2hQ%3D%3D&position=23&pageNum=0&trk=public_jobs_jserp-result_search-card,06-09-2022_10:39:00
28,Data Engineer,IVEOND,"Mumbai, Maharashtra, India",3 minutes ago,https://in.linkedin.com/jobs/view/data-engineer-at-iveond-3248372310?refId=ZkaQ0dkTlcNllzkyZ4%2FqVA%3D%3D&trackingId=PUkiAQS0adNYuIa%2FcSnDtw%3D%3D&position=24&pageNum=0&trk=public_jobs_jserp-result_search-card,06-09-2022_10:39:00
29,Data Engineer,Euphoric Thought Technologies,"Bengaluru, Karnataka, India",58 minutes ago,https://in.linkedin.com/jobs/view/data-engineer-at-euphoric-thought-technologies-3248359566?refId=ZkaQ0dkTlcNllzkyZ4%2FqVA%3D%3D&trackingId=If1MxCnTntC4Ywh1y5rztA%3D%3D&position=25&pageNum=0&trk=public_jobs_jserp-result_search-card,06-09-2022_10:39:00
30,Analyst - Data Science,American Express,"Gurgaon, Haryana, India",13 hours ago,https://in.linkedin.com/jobs/view/analyst-data-science-at-american-express-3247888906?refId=38eu%2BcwOQNHPRedvBTTCgA%3D%3D&trackingId=lQQRzeQd8hfqQLVbrYA%2BQw%3D%3D&position=2&pageNum=0&trk=public_jobs_jserp-result_search-card,06-09-2022_10:39:00
31,Data Scientist,Priceline,"Mumbai, Maharashtra, India",20 hours ago,https://in.linkedin.com/jobs/view/data-scientist-at-priceline-3219072977?refId=38eu%2BcwOQNHPRedvBTTCgA%3D%3D&trackingId=LsBNLYSQwWuRP3HeXd2KrQ%3D%3D&position=5&pageNum=0&trk=public_jobs_jserp-result_search-card,06-09-2022_10:39:00
32,Data Scientist,UST,"Trivandrum, Kerala, India",21 hours ago,https://in.linkedin.com/jobs/view/data-scientist-at-ust-3247816576?refId=38eu%2BcwOQNHPRedvBTTCgA%3D%3D&trackingId=AYknNdnMkTrvpDU5IlNWXA%3D%3D&position=6&pageNum=0&trk=public_jobs_jserp-result_search-card,06-09-2022_10:39:00
33,Data Analyst,Cyient,"Hyderabad, Telangana, India",23 hours ago,https://in.linkedin.com/jobs/view/data-analyst-at-cyient-3254851022?refId=38eu%2BcwOQNHPRedvBTTCgA%3D%3D&trackingId=wONpClFw%2F%2FDJgUVa1WBhIA%3D%3D&position=7&pageNum=0&trk=public_jobs_jserp-result_search-card,06-09-2022_10:39:00
34,ML & Data Scientist,Fortinet,"Bengaluru, Karnataka, India",20 hours ago,https://in.linkedin.com/jobs/view/ml-data-scientist-at-fortinet-3152808828?refId=38eu%2BcwOQNHPRedvBTTCgA%3D%3D&trackingId=F8zwLRnfLBPdjulGkYzpjA%3D%3D&position=8&pageNum=0&trk=public_jobs_jserp-result_search-card,06-09-2022_10:39:00
35,Machine Learning Engineer,FactSet,"Hyderabad, Telangana, India",13 hours ago,https://in.linkedin.com/jobs/view/machine-learning-engineer-at-factset-3255296724?refId=38eu%2BcwOQNHPRedvBTTCgA%3D%3D&trackingId=jPUMwtgXeITPZo7Wa30VFw%3D%3D&position=9&pageNum=0&trk=public_jobs_jserp-result_search-card,06-09-2022_10:39:00
36,Data Analyst,Elixir Engineering Pvt. Ltd.,Mumbai Metropolitan Region,21 hours ago,https://in.linkedin.com/jobs/view/data-analyst-at-elixir-engineering-pvt-ltd-3244104308?refId=38eu%2BcwOQNHPRedvBTTCgA%3D%3D&trackingId=JE7yVyhPfHZgrN2oqIDxrQ%3D%3D&position=11&pageNum=0&trk=public_jobs_jserp-result_search-card,06-09-2022_10:39:00
37,"Officer, IT Operations",STAR Education,"Imphal, Manipur, India",9 hours ago,https://in.linkedin.com/jobs/view/officer-it-operations-at-star-education-3255637340?refId=38eu%2BcwOQNHPRedvBTTCgA%3D%3D&trackingId=TVtCtC9jqZknG%2F%2FOUJ6ByA%3D%3D&position=13&pageNum=0&trk=public_jobs_jserp-result_search-card,06-09-2022_10:39:00
38,Data Scientist,Eli Lilly and Company,"Bengaluru, Karnataka, India",19 hours ago,https://in.linkedin.com/jobs/view/data-scientist-at-eli-lilly-and-company-3255006656?refId=38eu%2BcwOQNHPRedvBTTCgA%3D%3D&trackingId=VoMSlKQ9PqjDaEEN1%2FCmEw%3D%3D&position=14&pageNum=0&trk=public_jobs_jserp-result_search-card,06-09-2022_10:39:00
39,Intern,HARMAN International,"Bengaluru, Karnataka, India",8 hours ago,https://in.linkedin.com/jobs/view/intern-at-harman-international-3248333355?refId=38eu%2BcwOQNHPRedvBTTCgA%3D%3D&trackingId=plx3gNRQvIHTssXTNhpHzQ%3D%3D&position=15&pageNum=0&trk=public_jobs_jserp-result_search-card,06-09-2022_10:39:00
40,Process Associate â€“ Data Analyst-COR021581,Genpact,"Noida, Uttar Pradesh, India",19 hours ago,https://in.linkedin.com/jobs/view/process-associate-%E2%80%93-data-analyst-cor021581-at-genpact-2901415902?refId=38eu%2BcwOQNHPRedvBTTCgA%3D%3D&trackingId=PoYoCVP9K5KF%2By9TptBgpQ%3D%3D&position=16&pageNum=0&trk=public_jobs_jserp-result_search-card,06-09-2022_10:39:00
41,Data Warehouse Analyst,Cimpress India,India,20 hours ago,https://in.linkedin.com/jobs/view/data-warehouse-analyst-at-cimpress-india-3247823481?refId=38eu%2BcwOQNHPRedvBTTCgA%3D%3D&trackingId=k2Dyqmggr0zWK91MNxBZBw%3D%3D&position=17&pageNum=0&trk=public_jobs_jserp-result_search-card,06-09-2022_10:39:00
42,Business Analyst,Calix,"Bengaluru, Karnataka, India",19 hours ago,https://in.linkedin.com/jobs/view/business-analyst-at-calix-3182353815?refId=38eu%2BcwOQNHPRedvBTTCgA%3D%3D&trackingId=doKlsBtw%2FG%2BnA20rwAdX1A%3D%3D&position=18&pageNum=0&trk=public_jobs_jserp-result_search-card,06-09-2022_10:39:00
43,Data Scientist,Wolters Kluwer,"Pune, Maharashtra, India",11 hours ago,https://in.linkedin.com/jobs/view/data-scientist-at-wolters-kluwer-3253205662?refId=38eu%2BcwOQNHPRedvBTTCgA%3D%3D&trackingId=JAoTLr1LbVVM0JqxqOaLoQ%3D%3D&position=19&pageNum=0&trk=public_jobs_jserp-result_search-card,06-09-2022_10:39:00
44,People Data Analyst,AVEVA,"Bengaluru, Karnataka, India",14 hours ago,https://in.linkedin.com/jobs/view/people-data-analyst-at-aveva-3253042224?refId=38eu%2BcwOQNHPRedvBTTCgA%3D%3D&trackingId=HNgJwvvG9IOONDJBKKCQdg%3D%3D&position=20&pageNum=0&trk=public_jobs_jserp-result_search-card,06-09-2022_10:39:00
45,Data Analyst (SQL & Python),Giant Eagle GCC,"Bengaluru, Karnataka, India",11 hours ago,https://in.linkedin.com/jobs/view/data-analyst-sql-python-at-giant-eagle-gcc-3253096300?refId=38eu%2BcwOQNHPRedvBTTCgA%3D%3D&trackingId=vKv%2FbIuusQUWqz0xkuUzgA%3D%3D&position=21&pageNum=0&trk=public_jobs_jserp-result_search-card,06-09-2022_10:39:00
46,Analyst-Risk & Information Management,American Express,"Gurgaon, Haryana, India",19 hours ago,https://in.linkedin.com/jobs/view/analyst-risk-information-management-at-american-express-3247821709?refId=38eu%2BcwOQNHPRedvBTTCgA%3D%3D&trackingId=OqdvSA00LIH8TaDA2e9y9A%3D%3D&position=22&pageNum=0&trk=public_jobs_jserp-result_search-card,06-09-2022_10:39:00
47,Data Analyst,Iris Software Inc.,"Noida, Uttar Pradesh, India",19 hours ago,https://in.linkedin.com/jobs/view/data-analyst-at-iris-software-inc-3247825365?refId=38eu%2BcwOQNHPRedvBTTCgA%3D%3D&trackingId=52FdPRBCrKJ0e%2BFqfqXCtg%3D%3D&position=23&pageNum=0&trk=public_jobs_jserp-result_search-card,06-09-2022_10:39:00
48,Junior Analyst,GfK,"Gurgaon, Haryana, India",14 hours ago,https://in.linkedin.com/jobs/view/junior-analyst-at-gfk-3231276544?refId=38eu%2BcwOQNHPRedvBTTCgA%3D%3D&trackingId=BrgA8%2B7DolV1XzsS50L3WA%3D%3D&position=24&pageNum=0&trk=public_jobs_jserp-result_search-card,06-09-2022_10:39:00
49,Student Intern,Coincent.ai,India,22 hours ago,https://in.linkedin.com/jobs/view/student-intern-at-coincent-ai-3252923091?refId=zQ2Ti1Rvt5J61Ma3c94%2BFw%3D%3D&trackingId=P793heFNsDt6QM3AM%2BCCjQ%3D%3D&position=8&pageNum=0&trk=public_jobs_jserp-result_search-card,06-09-2022_10:39:00
50,Senior Data Scientist,HR Central,"Thane, Maharashtra, India",20 hours ago,https://in.linkedin.com/jobs/view/senior-data-scientist-at-hr-central-3247818692?refId=zQ2Ti1Rvt5J61Ma3c94%2BFw%3D%3D&trackingId=oXuyhROLXA5kPvLaLYAoWw%3D%3D&position=21&pageNum=0&trk=public_jobs_jserp-result_search-card,06-09-2022_10:39:00
51,Machine Learning Intern,Corizo,India,15 hours ago,https://in.linkedin.com/jobs/view/machine-learning-intern-at-corizo-3255264693?refId=qTZxYLL3cslOEDv6cNYG8A%3D%3D&trackingId=YUyYDZtz0T7YLr4mb5tOPg%3D%3D&position=7&pageNum=0&trk=public_jobs_jserp-result_search-card,06-09-2022_10:39:00
52,Data Engineer,CityMall,"Gurugram, Haryana, India",15 minutes ago,https://in.linkedin.com/jobs/view/data-engineer-at-citymall-3253728198?refId=qTZxYLL3cslOEDv6cNYG8A%3D%3D&trackingId=SdhYy6Qbz6Rn9hbFViaXFA%3D%3D&position=21&pageNum=0&trk=public_jobs_jserp-result_search-card,06-09-2022_10:39:00
53,Trainee Decision Scientist,Mu Sigma Inc.,"Bengaluru, Karnataka, India",13 hours ago,https://in.linkedin.com/jobs/view/trainee-decision-scientist-at-mu-sigma-inc-3252985326?refId=qTZxYLL3cslOEDv6cNYG8A%3D%3D&trackingId=mrDHXmfMqog%2FJmoDSYvmNA%3D%3D&position=24&pageNum=0&trk=public_jobs_jserp-result_search-card,06-09-2022_10:39:00
54,senior data scientist(only Plotly/Dash framework/Python experience applicable and Immediate joiners only),UsefulBI Corporation,India,56 minutes ago,https://in.linkedin.com/jobs/view/senior-data-scientist-only-plotly-dash-framework-python-experience-applicable-and-immediate-joiners-only-at-usefulbi-corporation-3255749949?refId=qTZxYLL3cslOEDv6cNYG8A%3D%3D&trackingId=ENo%2BhYKl25B%2FDQxgHoqwow%3D%3D&position=25&pageNum=0&trk=public_jobs_jserp-result_search-card,06-09-2022_10:39:00
55,Intern,Gartner,"Gurgaon, Haryana, India",5 hours ago,https://in.linkedin.com/jobs/view/intern-at-gartner-3253477429?refId=s4c1vjcxRjJyyePBB5m5Pw%3D%3D&trackingId=f9TOUL1zOosbZygtbYthuw%3D%3D&position=12&pageNum=0&trk=public_jobs_jserp-result_search-card,06-09-2022_10:39:00
56,ML/NLP Engineer - Return India,Global Talent Exchange,"Hyderabad, Telangana, India",18 hours ago,https://in.linkedin.com/jobs/view/ml-nlp-engineer-return-india-at-global-talent-exchange-3252969363?refId=s4c1vjcxRjJyyePBB5m5Pw%3D%3D&trackingId=PeQl84nJQXWiNHbKoh60uA%3D%3D&position=13&pageNum=0&trk=public_jobs_jserp-result_search-card,06-09-2022_10:39:00
57,Python Developer-Fresher,NamaSYS,India,21 hours ago,https://in.linkedin.com/jobs/view/python-developer-fresher-at-namasys-3250449737?refId=s4c1vjcxRjJyyePBB5m5Pw%3D%3D&trackingId=K36Z6OkUcHTsEhFQQd9O9A%3D%3D&position=18&pageNum=0&trk=public_jobs_jserp-result_search-card,06-09-2022_10:39:00
58,Data Scientist (Python & Machine Learning),CyberQ Consulting,"Hyderabad, Telangana, India",11 hours ago,https://in.linkedin.com/jobs/view/data-scientist-python-machine-learning-at-cyberq-consulting-3253098155?refId=s4c1vjcxRjJyyePBB5m5Pw%3D%3D&trackingId=BnQCJVghBhsNGeGrZfYwLQ%3D%3D&position=20&pageNum=0&trk=public_jobs_jserp-result_search-card,06-09-2022_10:39:00
59,Data Scientist (Machine Learning and Python),CyberQ Consulting,"Hyderabad, Telangana, India",11 hours ago,https://in.linkedin.com/jobs/view/data-scientist-machine-learning-and-python-at-cyberq-consulting-3253098171?refId=s4c1vjcxRjJyyePBB5m5Pw%3D%3D&trackingId=IzbOJEhmdf3PqnayE5HqDg%3D%3D&position=22&pageNum=0&trk=public_jobs_jserp-result_search-card,06-09-2022_10:39:00
60,Supply Chain -Business Analytics,Pierian Services,"Bengaluru, Karnataka, India",18 hours ago,https://in.linkedin.com/jobs/view/supply-chain-business-analytics-at-pierian-services-3247831841?refId=s4c1vjcxRjJyyePBB5m5Pw%3D%3D&trackingId=Ppyo7fkW5OvTySN7ckkUYA%3D%3D&position=25&pageNum=0&trk=public_jobs_jserp-result_search-card,06-09-2022_10:39:00
61,Python Developer,Infoparks Kerala,"Kochi, Kerala, India",7 hours ago,https://in.linkedin.com/jobs/view/python-developer-at-infoparks-kerala-3253451620?refId=jmBRzQ4QLmjWO4VVR2%2FpJQ%3D%3D&trackingId=dD0iPSednxSNXLwAGQ1cZg%3D%3D&position=11&pageNum=0&trk=public_jobs_jserp-result_search-card,06-09-2022_10:39:00
62,CV Engineer IV,Stats Perform,"Bangalore Urban, Karnataka, India",8 hours ago,https://in.linkedin.com/jobs/view/cv-engineer-iv-at-stats-perform-3253432842?refId=jmBRzQ4QLmjWO4VVR2%2FpJQ%3D%3D&trackingId=Tf22upai%2FHIXXHfWLP6LeA%3D%3D&position=14&pageNum=0&trk=public_jobs_jserp-result_search-card,06-09-2022_10:39:00
63,Junior Quality Assurance Engineer,UniAcco,"Mumbai, Maharashtra, India",16 hours ago,https://in.linkedin.com/jobs/view/junior-quality-assurance-engineer-at-uniacco-3255256433?refId=jmBRzQ4QLmjWO4VVR2%2FpJQ%3D%3D&trackingId=S18qlDKig%2BDMTWN1XYd%2F2Q%3D%3D&position=19&pageNum=0&trk=public_jobs_jserp-result_search-card,06-09-2022_10:39:00
64,R Programmer - Return to India,Global Talent Exchange,"Places of worship in Bangalore, Karnataka, India",15 hours ago,https://in.linkedin.com/jobs/view/r-programmer-return-to-india-at-global-talent-exchange-3253031261?refId=jmBRzQ4QLmjWO4VVR2%2FpJQ%3D%3D&trackingId=RdQWR3NxSyUgX2CBXOQ8zA%3D%3D&position=20&pageNum=0&trk=public_jobs_jserp-result_search-card,06-09-2022_10:39:00
65,Associate Medical Data Review Manager,Paddy HR Solutions,India,17 hours ago,https://in.linkedin.com/jobs/view/associate-medical-data-review-manager-at-paddy-hr-solutions-3255248840?refId=jmBRzQ4QLmjWO4VVR2%2FpJQ%3D%3D&trackingId=OHSH0DOvjAFm20xxKdFMtg%3D%3D&position=21&pageNum=0&trk=public_jobs_jserp-result_search-card,06-09-2022_10:39:00
66,Business Development Intern,CogniCue,India,16 hours ago,https://in.linkedin.com/jobs/view/business-development-intern-at-cognicue-3247842847?refId=kpFA6XTsIlMyguxTAc4ORQ%3D%3D&trackingId=ushm%2FdF80ijKuj9Md4%2FzvA%3D%3D&position=25&pageNum=0&trk=public_jobs_jserp-result_search-card,06-09-2022_10:39:00
